scope,air_var,N_voice,N_silent,mean_diff,cohens_d,welch_p,mannwhitney_p
ALL,CO2,274,6301,263.8946546313466,0.5193872793856746,1.4090139423731174e-12,2.620977496458284e-09
ALL,PM25,165,3783,4.253623242736641,0.16482230329362768,0.07587824926602885,1.4609510233548502e-09
ALL,PM10,165,3783,4.653742772691224,0.1590374117188198,0.08603694102259325,7.188196612296924e-10
ALL,HUM,278,6408,0.6664898612073529,0.18374122082720906,0.010432045904150769,0.3955907166662628
ALL,TEMP,278,6408,-1.4395976025845876,-0.9482179137193713,1.496951100241176e-53,2.3879008476932077e-38
