scope,air_var,N_voice,N_silent,mean_diff,cohens_d,welch_p,mannwhitney_p
ALL,CO2,137,3151,262.24864170104706,0.5141784118609388,7.516603225860981e-07,3.7473077230639105e-05
ALL,PM25,83,1891,4.372623779093104,0.1721990467207861,0.1916966921292267,1.758391921271502e-06
ALL,PM10,83,1891,4.819947500207068,0.16404552588117177,0.21164409742349916,5.046661148484398e-07
ALL,HUM,139,3203,0.6390385794434223,0.17332252731958148,0.08734153906342458,0.10158482729808017
ALL,TEMP,139,3203,-1.439684768820257,-0.9395877732774158,5.567463689576714e-26,1.140669799681993e-20
