scope,air_var,N_voice,N_silent,mean_diff,cohens_d,welch_p,mannwhitney_p
ALL,CO2,137,3150,265.53799161163215,0.5235127667586268,4.5458238751764954e-07,2.481112013628532e-05
ALL,PM25,82,1892,4.139002088382407,0.1572508577194298,0.23143861758268355,0.00012501895549983695
ALL,PM10,82,1892,4.4913386273397595,0.15349159322564543,0.24246839964491887,0.00017677843671229666
ALL,HUM,139,3205,0.693515191239527,0.20111958622251444,0.050791513371017956,0.7488648859846379
ALL,TEMP,139,3205,-1.4396032153007248,-0.9653764348286464,6.823615237560171e-30,4.173139894337815e-20
